DATE,BASEL_picnic_weather
20000101,FALSE
20000102,FALSE
20000103,FALSE
20000104,FALSE
20000105,FALSE
20000106,FALSE
20000107,FALSE
20000108,FALSE
20000109,FALSE
20000110,FALSE
20000111,FALSE
20000112,FALSE
20000113,FALSE
20000114,FALSE
20000115,FALSE
20000116,FALSE
20000117,FALSE
20000118,FALSE
20000119,FALSE
20000120,FALSE
20000121,FALSE
20000122,FALSE
20000123,FALSE
20000124,FALSE
20000125,FALSE
20000126,FALSE
20000127,FALSE
20000128,FALSE
20000129,FALSE
20000130,FALSE
20000131,FALSE
20000201,FALSE
20000202,FALSE
20000203,FALSE
20000204,FALSE
20000205,FALSE
20000206,FALSE
20000207,FALSE
20000208,FALSE
20000209,FALSE
20000210,FALSE
20000211,FALSE
20000212,FALSE
20000213,FALSE
20000214,FALSE
20000215,FALSE
20000216,FALSE
20000217,FALSE
20000218,FALSE
20000219,FALSE
20000220,FALSE
20000221,FALSE
20000222,FALSE
20000223,FALSE
20000224,FALSE
20000225,FALSE
20000226,FALSE
20000227,FALSE
20000228,FALSE
20000229,FALSE
20000301,FALSE
20000302,FALSE
20000303,FALSE
20000304,FALSE
20000305,FALSE
20000306,FALSE
20000307,FALSE
20000308,FALSE
20000309,TRUE
20000310,FALSE
20000311,FALSE
20000312,FALSE
20000313,FALSE
20000314,FALSE
20000315,FALSE
20000316,FALSE
20000317,FALSE
20000318,FALSE
20000319,FALSE
20000320,FALSE
20000321,FALSE
20000322,TRUE
20000323,FALSE
20000324,FALSE
20000325,FALSE
20000326,FALSE
20000327,FALSE
20000328,FALSE
20000329,FALSE
20000330,FALSE
20000331,FALSE
20000401,FALSE
20000402,FALSE
20000403,TRUE
20000404,FALSE
20000405,FALSE
20000406,FALSE
20000407,FALSE
20000408,FALSE
20000409,FALSE
20000410,FALSE
20000411,FALSE
20000412,FALSE
20000413,FALSE
20000414,TRUE
20000415,FALSE
20000416,FALSE
20000417,FALSE
20000418,FALSE
20000419,FALSE
20000420,TRUE
20000421,TRUE
20000422,TRUE
20000423,FALSE
20000424,FALSE
20000425,TRUE
20000426,TRUE
20000427,TRUE
20000428,TRUE
20000429,FALSE
20000430,TRUE
20000501,TRUE
20000502,TRUE
20000503,TRUE
20000504,TRUE
20000505,TRUE
20000506,TRUE
20000507,TRUE
20000508,FALSE
20000509,TRUE
20000510,TRUE
20000511,FALSE
20000512,TRUE
20000513,FALSE
20000514,TRUE
20000515,TRUE
20000516,TRUE
20000517,FALSE
20000518,FALSE
20000519,FALSE
20000520,FALSE
20000521,FALSE
20000522,FALSE
20000523,TRUE
20000524,TRUE
20000525,TRUE
20000526,FALSE
20000527,FALSE
20000528,FALSE
20000529,FALSE
20000530,FALSE
20000531,FALSE
20000601,TRUE
20000602,TRUE
20000603,FALSE
20000604,FALSE
20000605,FALSE
20000606,FALSE
20000607,TRUE
20000608,TRUE
20000609,FALSE
20000610,TRUE
20000611,TRUE
20000612,TRUE
20000613,FALSE
20000614,TRUE
20000615,FALSE
20000616,TRUE
20000617,TRUE
20000618,TRUE
20000619,TRUE
20000620,TRUE
20000621,TRUE
20000622,FALSE
20000623,TRUE
20000624,FALSE
20000625,FALSE
20000626,TRUE
20000627,TRUE
20000628,FALSE
20000629,TRUE
20000630,TRUE
20000701,FALSE
20000702,FALSE
20000703,FALSE
20000704,FALSE
20000705,TRUE
20000706,FALSE
20000707,FALSE
20000708,FALSE
20000709,FALSE
20000710,FALSE
20000711,FALSE
20000712,FALSE
20000713,FALSE
20000714,FALSE
20000715,FALSE
20000716,FALSE
20000717,TRUE
20000718,TRUE
20000719,TRUE
20000720,TRUE
20000721,TRUE
20000722,TRUE
20000723,FALSE
20000724,FALSE
20000725,FALSE
20000726,FALSE
20000727,FALSE
20000728,FALSE
20000729,FALSE
20000730,TRUE
20000731,TRUE
20000801,TRUE
20000802,FALSE
20000803,TRUE
20000804,TRUE
20000805,FALSE
20000806,TRUE
20000807,TRUE
20000808,TRUE
20000809,TRUE
20000810,TRUE
20000811,TRUE
20000812,TRUE
20000813,TRUE
20000814,TRUE
20000815,TRUE
20000816,TRUE
20000817,FALSE
20000818,FALSE
20000819,TRUE
20000820,FALSE
20000821,FALSE
20000822,TRUE
20000823,TRUE
20000824,TRUE
20000825,TRUE
20000826,FALSE
20000827,FALSE
20000828,TRUE
20000829,TRUE
20000830,FALSE
20000831,FALSE
20000901,FALSE
20000902,FALSE
20000903,FALSE
20000904,FALSE
20000905,TRUE
20000906,FALSE
20000907,TRUE
20000908,TRUE
20000909,TRUE
20000910,TRUE
20000911,TRUE
20000912,FALSE
20000913,TRUE
20000914,TRUE
20000915,TRUE
20000916,TRUE
20000917,TRUE
20000918,TRUE
20000919,FALSE
20000920,FALSE
20000921,TRUE
20000922,TRUE
20000923,TRUE
20000924,TRUE
20000925,TRUE
20000926,TRUE
20000927,TRUE
20000928,TRUE
20000929,TRUE
20000930,FALSE
20001001,FALSE
20001002,FALSE
20001003,FALSE
20001004,TRUE
20001005,FALSE
20001006,FALSE
20001007,FALSE
20001008,FALSE
20001009,FALSE
20001010,FALSE
20001011,FALSE
20001012,FALSE
20001013,FALSE
20001014,FALSE
20001015,FALSE
20001016,TRUE
20001017,FALSE
20001018,FALSE
20001019,FALSE
20001020,FALSE
20001021,FALSE
20001022,FALSE
20001023,FALSE
20001024,FALSE
20001025,FALSE
20001026,FALSE
20001027,FALSE
20001028,FALSE
20001029,FALSE
20001030,FALSE
20001031,FALSE
20001101,FALSE
20001102,FALSE
20001103,FALSE
20001104,FALSE
20001105,FALSE
20001106,FALSE
20001107,FALSE
20001108,FALSE
20001109,FALSE
20001110,FALSE
20001111,FALSE
20001112,FALSE
20001113,FALSE
20001114,FALSE
20001115,FALSE
20001116,FALSE
20001117,FALSE
20001118,FALSE
20001119,FALSE
20001120,FALSE
20001121,FALSE
20001122,FALSE
20001123,FALSE
20001124,FALSE
20001125,FALSE
20001126,FALSE
20001127,FALSE
20001128,FALSE
20001129,FALSE
20001130,FALSE
20001201,FALSE
20001202,FALSE
20001203,FALSE
20001204,FALSE
20001205,FALSE
20001206,FALSE
20001207,FALSE
20001208,FALSE
20001209,FALSE
20001210,FALSE
20001211,FALSE
20001212,FALSE
20001213,FALSE
20001214,FALSE
20001215,FALSE
20001216,FALSE
20001217,FALSE
20001218,FALSE
20001219,FALSE
20001220,FALSE
20001221,FALSE
20001222,FALSE
20001223,FALSE
20001224,FALSE
20001225,FALSE
20001226,FALSE
20001227,FALSE
20001228,FALSE
20001229,FALSE
20001230,FALSE
20001231,FALSE
20010101,FALSE
20010102,FALSE
20010103,FALSE
20010104,FALSE
20010105,FALSE
20010106,FALSE
20010107,FALSE
20010108,FALSE
20010109,FALSE
20010110,FALSE
20010111,FALSE
20010112,FALSE
20010113,FALSE
20010114,FALSE
20010115,FALSE
20010116,FALSE
20010117,FALSE
20010118,FALSE
20010119,FALSE
20010120,FALSE
20010121,FALSE
20010122,FALSE
20010123,FALSE
20010124,FALSE
20010125,FALSE
20010126,FALSE
20010127,FALSE
20010128,FALSE
20010129,FALSE
20010130,FALSE
20010131,FALSE
20010201,FALSE
20010202,FALSE
20010203,FALSE
20010204,FALSE
20010205,FALSE
20010206,FALSE
20010207,FALSE
20010208,FALSE
20010209,FALSE
20010210,FALSE
20010211,FALSE
20010212,FALSE
20010213,FALSE
20010214,FALSE
20010215,FALSE
20010216,FALSE
20010217,FALSE
20010218,FALSE
20010219,FALSE
20010220,FALSE
20010221,FALSE
20010222,FALSE
20010223,FALSE
20010224,FALSE
20010225,FALSE
20010226,FALSE
20010227,FALSE
20010228,FALSE
20010301,FALSE
20010302,FALSE
20010303,FALSE
20010304,FALSE
20010305,FALSE
20010306,FALSE
20010307,FALSE
20010308,FALSE
20010309,FALSE
20010310,FALSE
20010311,FALSE
20010312,FALSE
20010313,FALSE
20010314,FALSE
20010315,FALSE
20010316,FALSE
20010317,FALSE
20010318,FALSE
20010319,FALSE
20010320,FALSE
20010321,FALSE
20010322,FALSE
20010323,FALSE
20010324,FALSE
20010325,FALSE
20010326,FALSE
20010327,FALSE
20010328,FALSE
20010329,FALSE
20010330,FALSE
20010331,FALSE
20010401,TRUE
20010402,TRUE
20010403,FALSE
20010404,FALSE
20010405,FALSE
20010406,FALSE
20010407,FALSE
20010408,FALSE
20010409,FALSE
20010410,FALSE
20010411,FALSE
20010412,FALSE
20010413,FALSE
20010414,FALSE
20010415,FALSE
20010416,FALSE
20010417,FALSE
20010418,FALSE
20010419,FALSE
20010420,FALSE
20010421,FALSE
20010422,FALSE
20010423,FALSE
20010424,FALSE
20010425,FALSE
20010426,FALSE
20010427,FALSE
20010428,FALSE
20010429,FALSE
20010430,FALSE
20010501,FALSE
20010502,TRUE
20010503,TRUE
20010504,FALSE
20010505,FALSE
20010506,FALSE
20010507,FALSE
20010508,FALSE
20010509,TRUE
20010510,TRUE
20010511,TRUE
20010512,TRUE
20010513,FALSE
20010514,FALSE
20010515,FALSE
20010516,FALSE
20010517,FALSE
20010518,FALSE
20010519,TRUE
20010520,TRUE
20010521,TRUE
20010522,TRUE
20010523,TRUE
20010524,FALSE
20010525,TRUE
20010526,TRUE
20010527,TRUE
20010528,TRUE
20010529,TRUE
20010530,FALSE
20010531,FALSE
20010601,TRUE
20010602,FALSE
20010603,FALSE
20010604,FALSE
20010605,FALSE
20010606,FALSE
20010607,TRUE
20010608,FALSE
20010609,FALSE
20010610,FALSE
20010611,FALSE
20010612,TRUE
20010613,FALSE
20010614,TRUE
20010615,FALSE
20010616,FALSE
20010617,FALSE
20010618,FALSE
20010619,TRUE
20010620,TRUE
20010621,TRUE
20010622,TRUE
20010623,TRUE
20010624,TRUE
20010625,TRUE
20010626,TRUE
20010627,FALSE
20010628,FALSE
20010629,TRUE
20010630,FALSE
20010701,TRUE
20010702,TRUE
20010703,TRUE
20010704,TRUE
20010705,TRUE
20010706,FALSE
20010707,FALSE
20010708,FALSE
20010709,TRUE
20010710,TRUE
20010711,TRUE
20010712,FALSE
20010713,FALSE
20010714,FALSE
20010715,FALSE
20010716,FALSE
20010717,FALSE
20010718,TRUE
20010719,FALSE
20010720,FALSE
20010721,TRUE
20010722,TRUE
20010723,FALSE
20010724,TRUE
20010725,TRUE
20010726,TRUE
20010727,TRUE
20010728,FALSE
20010729,TRUE
20010730,TRUE
20010731,TRUE
20010801,TRUE
20010802,FALSE
20010803,FALSE
20010804,FALSE
20010805,TRUE
20010806,FALSE
20010807,FALSE
20010808,FALSE
20010809,TRUE
20010810,TRUE
20010811,TRUE
20010812,TRUE
20010813,TRUE
20010814,TRUE
20010815,TRUE
20010816,FALSE
20010817,TRUE
20010818,FALSE
20010819,FALSE
20010820,FALSE
20010821,TRUE
20010822,TRUE
20010823,TRUE
20010824,TRUE
20010825,TRUE
20010826,TRUE
20010827,TRUE
20010828,TRUE
20010829,FALSE
20010830,FALSE
20010831,FALSE
20010901,FALSE
20010902,TRUE
20010903,TRUE
20010904,FALSE
20010905,FALSE
20010906,FALSE
20010907,FALSE
20010908,FALSE
20010909,FALSE
20010910,FALSE
20010911,FALSE
20010912,FALSE
20010913,FALSE
20010914,FALSE
20010915,FALSE
20010916,FALSE
20010917,FALSE
20010918,FALSE
20010919,FALSE
20010920,FALSE
20010921,FALSE
20010922,FALSE
20010923,FALSE
20010924,FALSE
20010925,FALSE
20010926,FALSE
20010927,TRUE
20010928,TRUE
20010929,FALSE
20010930,FALSE
20011001,TRUE
20011002,TRUE
20011003,FALSE
20011004,TRUE
20011005,FALSE
20011006,FALSE
20011007,FALSE
20011008,FALSE
20011009,FALSE
20011010,TRUE
20011011,TRUE
20011012,TRUE
20011013,TRUE
20011014,TRUE
20011015,TRUE
20011016,TRUE
20011017,TRUE
20011018,TRUE
20011019,TRUE
20011020,FALSE
20011021,FALSE
20011022,TRUE
20011023,FALSE
20011024,FALSE
20011025,FALSE
20011026,FALSE
20011027,FALSE
20011028,TRUE
20011029,TRUE
20011030,TRUE
20011031,FALSE
20011101,FALSE
20011102,FALSE
20011103,FALSE
20011104,FALSE
20011105,FALSE
20011106,FALSE
20011107,FALSE
20011108,FALSE
20011109,FALSE
20011110,FALSE
20011111,FALSE
20011112,FALSE
20011113,FALSE
20011114,FALSE
20011115,FALSE
20011116,FALSE
20011117,FALSE
20011118,FALSE
20011119,FALSE
20011120,FALSE
20011121,FALSE
20011122,FALSE
20011123,FALSE
20011124,FALSE
20011125,FALSE
20011126,FALSE
20011127,FALSE
20011128,FALSE
20011129,FALSE
20011130,FALSE
20011201,FALSE
20011202,FALSE
20011203,FALSE
20011204,FALSE
20011205,FALSE
20011206,FALSE
20011207,FALSE
20011208,FALSE
20011209,FALSE
20011210,FALSE
20011211,FALSE
20011212,FALSE
20011213,FALSE
20011214,FALSE
20011215,FALSE
20011216,FALSE
20011217,FALSE
20011218,FALSE
20011219,FALSE
20011220,FALSE
20011221,FALSE
20011222,FALSE
20011223,FALSE
20011224,FALSE
20011225,FALSE
20011226,FALSE
20011227,FALSE
20011228,FALSE
20011229,FALSE
20011230,FALSE
20011231,FALSE
20020101,FALSE
20020102,FALSE
20020103,FALSE
20020104,FALSE
20020105,FALSE
20020106,FALSE
20020107,FALSE
20020108,FALSE
20020109,FALSE
20020110,FALSE
20020111,FALSE
20020112,FALSE
20020113,FALSE
20020114,FALSE
20020115,FALSE
20020116,FALSE
20020117,FALSE
20020118,FALSE
20020119,FALSE
20020120,FALSE
20020121,FALSE
20020122,FALSE
20020123,FALSE
20020124,FALSE
20020125,FALSE
20020126,FALSE
20020127,FALSE
20020128,FALSE
20020129,FALSE
20020130,FALSE
20020131,FALSE
20020201,FALSE
20020202,FALSE
20020203,FALSE
20020204,FALSE
20020205,FALSE
20020206,FALSE
20020207,FALSE
20020208,FALSE
20020209,FALSE
20020210,FALSE
20020211,FALSE
20020212,FALSE
20020213,FALSE
20020214,FALSE
20020215,FALSE
20020216,FALSE
20020217,FALSE
20020218,FALSE
20020219,FALSE
20020220,FALSE
20020221,FALSE
20020222,FALSE
20020223,FALSE
20020224,FALSE
20020225,FALSE
20020226,FALSE
20020227,FALSE
20020228,FALSE
20020301,FALSE
20020302,FALSE
20020303,FALSE
20020304,FALSE
20020305,FALSE
20020306,FALSE
20020307,FALSE
20020308,FALSE
20020309,FALSE
20020310,FALSE
20020311,TRUE
20020312,TRUE
20020313,TRUE
20020314,FALSE
20020315,FALSE
20020316,FALSE
20020317,FALSE
20020318,FALSE
20020319,FALSE
20020320,FALSE
20020321,FALSE
20020322,FALSE
20020323,FALSE
20020324,FALSE
20020325,FALSE
20020326,FALSE
20020327,FALSE
20020328,FALSE
20020329,FALSE
20020330,FALSE
20020331,FALSE
20020401,TRUE
20020402,TRUE
20020403,TRUE
20020404,TRUE
20020405,FALSE
20020406,FALSE
20020407,FALSE
20020408,FALSE
20020409,FALSE
20020410,FALSE
20020411,FALSE
20020412,FALSE
20020413,FALSE
20020414,FALSE
20020415,FALSE
20020416,FALSE
20020417,FALSE
20020418,FALSE
20020419,FALSE
20020420,FALSE
20020421,FALSE
20020422,TRUE
20020423,TRUE
20020424,FALSE
20020425,TRUE
20020426,FALSE
20020427,FALSE
20020428,TRUE
20020429,FALSE
20020430,TRUE
20020501,FALSE
20020502,FALSE
20020503,FALSE
20020504,FALSE
20020505,FALSE
20020506,FALSE
20020507,FALSE
20020508,FALSE
20020509,FALSE
20020510,TRUE
20020511,FALSE
20020512,FALSE
20020513,FALSE
20020514,TRUE
20020515,TRUE
20020516,TRUE
20020517,TRUE
20020518,FALSE
20020519,FALSE
20020520,TRUE
20020521,TRUE
20020522,TRUE
20020523,FALSE
20020524,TRUE
20020525,FALSE
20020526,FALSE
20020527,FALSE
20020528,FALSE
20020529,FALSE
20020530,TRUE
20020531,TRUE
20020601,TRUE
20020602,TRUE
20020603,FALSE
20020604,FALSE
20020605,FALSE
20020606,FALSE
20020607,TRUE
20020608,FALSE
20020609,FALSE
20020610,FALSE
20020611,TRUE
20020612,TRUE
20020613,TRUE
20020614,TRUE
20020615,TRUE
20020616,TRUE
20020617,TRUE
20020618,TRUE
20020619,FALSE
20020620,FALSE
20020621,TRUE
20020622,TRUE
20020623,FALSE
20020624,FALSE
20020625,TRUE
20020626,TRUE
20020627,FALSE
20020628,TRUE
20020629,TRUE
20020630,TRUE
20020701,FALSE
20020702,FALSE
20020703,FALSE
20020704,TRUE
20020705,FALSE
20020706,FALSE
20020707,TRUE
20020708,TRUE
20020709,FALSE
20020710,FALSE
20020711,TRUE
20020712,FALSE
20020713,FALSE
20020714,FALSE
20020715,FALSE
20020716,FALSE
20020717,FALSE
20020718,TRUE
20020719,TRUE
20020720,TRUE
20020721,TRUE
20020722,TRUE
20020723,TRUE
20020724,TRUE
20020725,TRUE
20020726,FALSE
20020727,TRUE
20020728,TRUE
20020729,TRUE
20020730,FALSE
20020731,FALSE
20020801,FALSE
20020802,FALSE
20020803,FALSE
20020804,FALSE
20020805,FALSE
20020806,FALSE
20020807,FALSE
20020808,TRUE
20020809,FALSE
20020810,FALSE
20020811,FALSE
20020812,FALSE
20020813,TRUE
20020814,TRUE
20020815,TRUE
20020816,TRUE
20020817,TRUE
20020818,TRUE
20020819,TRUE
20020820,FALSE
20020821,TRUE
20020822,TRUE
20020823,TRUE
20020824,TRUE
20020825,TRUE
20020826,FALSE
20020827,FALSE
20020828,TRUE
20020829,TRUE
20020830,TRUE
20020831,FALSE
20020901,FALSE
20020902,TRUE
20020903,FALSE
20020904,TRUE
20020905,TRUE
20020906,TRUE
20020907,FALSE
20020908,TRUE
20020909,FALSE
20020910,FALSE
20020911,FALSE
20020912,TRUE
20020913,TRUE
20020914,TRUE
20020915,TRUE
20020916,TRUE
20020917,TRUE
20020918,TRUE
20020919,FALSE
20020920,FALSE
20020921,TRUE
20020922,FALSE
20020923,FALSE
20020924,FALSE
20020925,FALSE
20020926,FALSE
20020927,FALSE
20020928,FALSE
20020929,FALSE
20020930,TRUE
20021001,TRUE
20021002,TRUE
20021003,FALSE
20021004,FALSE
20021005,FALSE
20021006,FALSE
20021007,FALSE
20021008,FALSE
20021009,FALSE
20021010,FALSE
20021011,FALSE
20021012,FALSE
20021013,FALSE
20021014,FALSE
20021015,FALSE
20021016,FALSE
20021017,FALSE
20021018,FALSE
20021019,FALSE
20021020,FALSE
20021021,FALSE
20021022,FALSE
20021023,FALSE
20021024,FALSE
20021025,FALSE
20021026,FALSE
20021027,TRUE
20021028,FALSE
20021029,FALSE
20021030,TRUE
20021031,TRUE
20021101,FALSE
20021102,FALSE
20021103,FALSE
20021104,FALSE
20021105,FALSE
20021106,FALSE
20021107,FALSE
20021108,FALSE
20021109,FALSE
20021110,FALSE
20021111,FALSE
20021112,FALSE
20021113,FALSE
20021114,FALSE
20021115,FALSE
20021116,FALSE
20021117,FALSE
20021118,FALSE
20021119,FALSE
20021120,FALSE
20021121,FALSE
20021122,FALSE
20021123,FALSE
20021124,FALSE
20021125,FALSE
20021126,FALSE
20021127,FALSE
20021128,FALSE
20021129,FALSE
20021130,FALSE
20021201,FALSE
20021202,FALSE
20021203,FALSE
20021204,FALSE
20021205,FALSE
20021206,FALSE
20021207,FALSE
20021208,FALSE
20021209,FALSE
20021210,FALSE
20021211,FALSE
20021212,FALSE
20021213,FALSE
20021214,FALSE
20021215,FALSE
20021216,FALSE
20021217,FALSE
20021218,FALSE
20021219,FALSE
20021220,FALSE
20021221,FALSE
20021222,FALSE
20021223,FALSE
20021224,FALSE
20021225,FALSE
20021226,FALSE
20021227,FALSE
20021228,FALSE
20021229,FALSE
20021230,FALSE
20021231,FALSE
20030101,FALSE
20030102,FALSE
20030103,FALSE
20030104,FALSE
20030105,FALSE
20030106,FALSE
20030107,FALSE
20030108,FALSE
20030109,FALSE
20030110,FALSE
20030111,FALSE
20030112,FALSE
20030113,FALSE
20030114,FALSE
20030115,FALSE
20030116,FALSE
20030117,FALSE
20030118,FALSE
20030119,FALSE
20030120,FALSE
20030121,FALSE
20030122,FALSE
20030123,FALSE
20030124,FALSE
20030125,FALSE
20030126,FALSE
20030127,FALSE
20030128,FALSE
20030129,FALSE
20030130,FALSE
20030131,FALSE
20030201,FALSE
20030202,FALSE
20030203,FALSE
20030204,FALSE
20030205,FALSE
20030206,FALSE
20030207,FALSE
20030208,FALSE
20030209,FALSE
20030210,FALSE
20030211,FALSE
20030212,FALSE
20030213,FALSE
20030214,FALSE
20030215,FALSE
20030216,FALSE
20030217,FALSE
20030218,FALSE
20030219,FALSE
20030220,FALSE
20030221,FALSE
20030222,FALSE
20030223,FALSE
20030224,FALSE
20030225,FALSE
20030226,FALSE
20030227,FALSE
20030228,FALSE
20030301,FALSE
20030302,FALSE
20030303,FALSE
20030304,FALSE
20030305,FALSE
20030306,FALSE
20030307,FALSE
20030308,FALSE
20030309,FALSE
20030310,TRUE
20030311,TRUE
20030312,FALSE
20030313,FALSE
20030314,FALSE
20030315,FALSE
20030316,FALSE
20030317,FALSE
20030318,FALSE
20030319,FALSE
20030320,FALSE
20030321,FALSE
20030322,FALSE
20030323,FALSE
20030324,TRUE
20030325,TRUE
20030326,TRUE
20030327,TRUE
20030328,FALSE
20030329,FALSE
20030330,FALSE
20030331,FALSE
20030401,FALSE
20030402,FALSE
20030403,FALSE
20030404,FALSE
20030405,FALSE
20030406,FALSE
20030407,FALSE
20030408,FALSE
20030409,FALSE
20030410,FALSE
20030411,FALSE
20030412,FALSE
20030413,TRUE
20030414,TRUE
20030415,TRUE
20030416,TRUE
20030417,TRUE
20030418,TRUE
20030419,FALSE
20030420,TRUE
20030421,FALSE
20030422,TRUE
20030423,TRUE
20030424,TRUE
20030425,TRUE
20030426,FALSE
20030427,TRUE
20030428,FALSE
20030429,FALSE
20030430,FALSE
20030501,TRUE
20030502,FALSE
20030503,TRUE
20030504,TRUE
20030505,TRUE
20030506,TRUE
20030507,TRUE
20030508,FALSE
20030509,FALSE
20030510,TRUE
20030511,FALSE
20030512,FALSE
20030513,FALSE
20030514,FALSE
20030515,FALSE
20030516,TRUE
20030517,FALSE
20030518,FALSE
20030519,FALSE
20030520,FALSE
20030521,FALSE
20030522,FALSE
20030523,TRUE
20030524,FALSE
20030525,FALSE
20030526,FALSE
20030527,FALSE
20030528,FALSE
20030529,TRUE
20030530,TRUE
20030531,TRUE
20030601,TRUE
20030602,FALSE
20030603,FALSE
20030604,TRUE
20030605,FALSE
20030606,TRUE
20030607,TRUE
20030608,TRUE
20030609,TRUE
20030610,TRUE
20030611,TRUE
20030612,TRUE
20030613,FALSE
20030614,FALSE
20030615,TRUE
20030616,TRUE
20030617,FALSE
20030618,TRUE
20030619,TRUE
20030620,TRUE
20030621,TRUE
20030622,TRUE
20030623,FALSE
20030624,TRUE
20030625,TRUE
20030626,FALSE
20030627,TRUE
20030628,TRUE
20030629,TRUE
20030630,FALSE
20030701,FALSE
20030702,FALSE
20030703,FALSE
20030704,FALSE
20030705,TRUE
20030706,TRUE
20030707,TRUE
20030708,TRUE
20030709,TRUE
20030710,TRUE
20030711,TRUE
20030712,TRUE
20030713,TRUE
20030714,TRUE
20030715,FALSE
20030716,FALSE
20030717,TRUE
20030718,TRUE
20030719,TRUE
20030720,FALSE
20030721,FALSE
20030722,TRUE
20030723,FALSE
20030724,FALSE
20030725,TRUE
20030726,TRUE
20030727,FALSE
20030728,TRUE
20030729,TRUE
20030730,FALSE
20030731,FALSE
20030801,TRUE
20030802,TRUE
20030803,TRUE
20030804,TRUE
20030805,TRUE
20030806,TRUE
20030807,TRUE
20030808,TRUE
20030809,TRUE
20030810,TRUE
20030811,TRUE
20030812,TRUE
20030813,TRUE
20030814,FALSE
20030815,TRUE
20030816,FALSE
20030817,FALSE
20030818,FALSE
20030819,TRUE
20030820,FALSE
20030821,TRUE
20030822,TRUE
20030823,TRUE
20030824,TRUE
20030825,TRUE
20030826,TRUE
20030827,FALSE
20030828,FALSE
20030829,FALSE
20030830,FALSE
20030831,FALSE
20030901,TRUE
20030902,TRUE
20030903,TRUE
20030904,TRUE
20030905,FALSE
20030906,FALSE
20030907,FALSE
20030908,FALSE
20030909,FALSE
20030910,FALSE
20030911,FALSE
20030912,TRUE
20030913,TRUE
20030914,TRUE
20030915,TRUE
20030916,TRUE
20030917,TRUE
20030918,TRUE
20030919,TRUE
20030920,TRUE
20030921,TRUE
20030922,FALSE
20030923,FALSE
20030924,FALSE
20030925,TRUE
20030926,TRUE
20030927,FALSE
20030928,FALSE
20030929,FALSE
20030930,TRUE
20031001,FALSE
20031002,FALSE
20031003,FALSE
20031004,FALSE
20031005,FALSE
20031006,FALSE
20031007,FALSE
20031008,FALSE
20031009,FALSE
20031010,FALSE
20031011,FALSE
20031012,FALSE
20031013,FALSE
20031014,FALSE
20031015,FALSE
20031016,FALSE
20031017,FALSE
20031018,FALSE
20031019,FALSE
20031020,FALSE
20031021,FALSE
20031022,FALSE
20031023,FALSE
20031024,FALSE
20031025,FALSE
20031026,FALSE
20031027,FALSE
20031028,FALSE
20031029,FALSE
20031030,FALSE
20031031,FALSE
20031101,FALSE
20031102,FALSE
20031103,FALSE
20031104,FALSE
20031105,FALSE
20031106,FALSE
20031107,FALSE
20031108,FALSE
20031109,FALSE
20031110,FALSE
20031111,FALSE
20031112,FALSE
20031113,FALSE
20031114,FALSE
20031115,FALSE
20031116,FALSE
20031117,FALSE
20031118,FALSE
20031119,FALSE
20031120,FALSE
20031121,FALSE
20031122,FALSE
20031123,FALSE
20031124,FALSE
20031125,FALSE
20031126,FALSE
20031127,FALSE
20031128,FALSE
20031129,FALSE
20031130,FALSE
20031201,FALSE
20031202,FALSE
20031203,FALSE
20031204,FALSE
20031205,FALSE
20031206,FALSE
20031207,FALSE
20031208,FALSE
20031209,FALSE
20031210,FALSE
20031211,FALSE
20031212,FALSE
20031213,FALSE
20031214,FALSE
20031215,FALSE
20031216,FALSE
20031217,FALSE
20031218,FALSE
20031219,FALSE
20031220,FALSE
20031221,FALSE
20031222,FALSE
20031223,FALSE
20031224,FALSE
20031225,FALSE
20031226,FALSE
20031227,FALSE
20031228,FALSE
20031229,FALSE
20031230,FALSE
20031231,FALSE
20040101,FALSE
20040102,FALSE
20040103,FALSE
20040104,FALSE
20040105,FALSE
20040106,FALSE
20040107,FALSE
20040108,FALSE
20040109,FALSE
20040110,FALSE
20040111,FALSE
20040112,FALSE
20040113,FALSE
20040114,FALSE
20040115,FALSE
20040116,FALSE
20040117,FALSE
20040118,FALSE
20040119,FALSE
20040120,FALSE
20040121,FALSE
20040122,FALSE
20040123,FALSE
20040124,FALSE
20040125,FALSE
20040126,FALSE
20040127,FALSE
20040128,FALSE
20040129,FALSE
20040130,FALSE
20040131,FALSE
20040201,FALSE
20040202,FALSE
20040203,FALSE
20040204,FALSE
20040205,FALSE
20040206,FALSE
20040207,FALSE
20040208,FALSE
20040209,FALSE
20040210,FALSE
20040211,FALSE
20040212,FALSE
20040213,FALSE
20040214,FALSE
20040215,FALSE
20040216,FALSE
20040217,FALSE
20040218,FALSE
20040219,FALSE
20040220,FALSE
20040221,FALSE
20040222,FALSE
20040223,FALSE
20040224,FALSE
20040225,FALSE
20040226,FALSE
20040227,FALSE
20040228,FALSE
20040229,FALSE
20040301,FALSE
20040302,FALSE
20040303,FALSE
20040304,FALSE
20040305,FALSE
20040306,FALSE
20040307,FALSE
20040308,FALSE
20040309,FALSE
20040310,FALSE
20040311,FALSE
20040312,FALSE
20040313,FALSE
20040314,FALSE
20040315,FALSE
20040316,TRUE
20040317,TRUE
20040318,TRUE
20040319,FALSE
20040320,FALSE
20040321,FALSE
20040322,FALSE
20040323,FALSE
20040324,FALSE
20040325,FALSE
20040326,FALSE
20040327,FALSE
20040328,FALSE
20040329,FALSE
20040330,FALSE
20040331,TRUE
20040401,TRUE
20040402,FALSE
20040403,FALSE
20040404,FALSE
20040405,FALSE
20040406,FALSE
20040407,FALSE
20040408,FALSE
20040409,FALSE
20040410,FALSE
20040411,FALSE
20040412,FALSE
20040413,FALSE
20040414,FALSE
20040415,FALSE
20040416,TRUE
20040417,TRUE
20040418,FALSE
20040419,FALSE
20040420,FALSE
20040421,TRUE
20040422,TRUE
20040423,FALSE
20040424,FALSE
20040425,FALSE
20040426,TRUE
20040427,FALSE
20040428,TRUE
20040429,TRUE
20040430,TRUE
20040501,FALSE
20040502,TRUE
20040503,FALSE
20040504,FALSE
20040505,FALSE
20040506,FALSE
20040507,FALSE
20040508,FALSE
20040509,FALSE
20040510,FALSE
20040511,TRUE
20040512,TRUE
20040513,FALSE
20040514,FALSE
20040515,TRUE
20040516,TRUE
20040517,TRUE
20040518,TRUE
20040519,TRUE
20040520,FALSE
20040521,FALSE
20040522,FALSE
20040523,FALSE
20040524,TRUE
20040525,TRUE
20040526,FALSE
20040527,FALSE
20040528,TRUE
20040529,TRUE
20040530,FALSE
20040531,FALSE
20040601,FALSE
20040602,FALSE
20040603,FALSE
20040604,FALSE
20040605,FALSE
20040606,TRUE
20040607,TRUE
20040608,TRUE
20040609,TRUE
20040610,TRUE
20040611,FALSE
20040612,FALSE
20040613,FALSE
20040614,TRUE
20040615,TRUE
20040616,FALSE
20040617,TRUE
20040618,TRUE
20040619,FALSE
20040620,TRUE
20040621,FALSE
20040622,FALSE
20040623,FALSE
20040624,FALSE
20040625,TRUE
20040626,TRUE
20040627,FALSE
20040628,TRUE
20040629,TRUE
20040630,TRUE
20040701,TRUE
20040702,FALSE
20040703,TRUE
20040704,TRUE
20040705,FALSE
20040706,FALSE
20040707,TRUE
20040708,FALSE
20040709,FALSE
20040710,FALSE
20040711,FALSE
20040712,FALSE
20040713,FALSE
20040714,TRUE
20040715,TRUE
20040716,TRUE
20040717,TRUE
20040718,TRUE
20040719,TRUE
20040720,FALSE
20040721,FALSE
20040722,TRUE
20040723,FALSE
20040724,FALSE
20040725,TRUE
20040726,FALSE
20040727,TRUE
20040728,TRUE
20040729,TRUE
20040730,TRUE
20040731,TRUE
20040801,TRUE
20040802,TRUE
20040803,FALSE
20040804,FALSE
20040805,TRUE
20040806,FALSE
20040807,FALSE
20040808,TRUE
20040809,TRUE
20040810,FALSE
20040811,TRUE
20040812,FALSE
20040813,FALSE
20040814,TRUE
20040815,TRUE
20040816,FALSE
20040817,FALSE
20040818,FALSE
20040819,FALSE
20040820,TRUE
20040821,FALSE
20040822,TRUE
20040823,FALSE
20040824,FALSE
20040825,FALSE
20040826,FALSE
20040827,TRUE
20040828,TRUE
20040829,FALSE
20040830,FALSE
20040831,TRUE
20040901,TRUE
20040902,TRUE
20040903,TRUE
20040904,TRUE
20040905,TRUE
20040906,TRUE
20040907,TRUE
20040908,TRUE
20040909,TRUE
20040910,TRUE
20040911,FALSE
20040912,FALSE
20040913,FALSE
20040914,FALSE
20040915,TRUE
20040916,TRUE
20040917,TRUE
20040918,TRUE
20040919,FALSE
20040920,TRUE
20040921,TRUE
20040922,FALSE
20040923,FALSE
20040924,FALSE
20040925,FALSE
20040926,FALSE
20040927,FALSE
20040928,FALSE
20040929,FALSE
20040930,FALSE
20041001,FALSE
20041002,TRUE
20041003,TRUE
20041004,TRUE
20041005,TRUE
20041006,FALSE
20041007,FALSE
20041008,FALSE
20041009,FALSE
20041010,FALSE
20041011,FALSE
20041012,FALSE
20041013,FALSE
20041014,FALSE
20041015,FALSE
20041016,FALSE
20041017,FALSE
20041018,FALSE
20041019,FALSE
20041020,FALSE
20041021,FALSE
20041022,TRUE
20041023,TRUE
20041024,TRUE
20041025,FALSE
20041026,FALSE
20041027,FALSE
20041028,FALSE
20041029,FALSE
20041030,FALSE
20041031,FALSE
20041101,FALSE
20041102,FALSE
20041103,FALSE
20041104,FALSE
20041105,FALSE
20041106,FALSE
20041107,FALSE
20041108,FALSE
20041109,FALSE
20041110,FALSE
20041111,FALSE
20041112,FALSE
20041113,FALSE
20041114,FALSE
20041115,FALSE
20041116,FALSE
20041117,FALSE
20041118,FALSE
20041119,FALSE
20041120,FALSE
20041121,FALSE
20041122,FALSE
20041123,FALSE
20041124,FALSE
20041125,FALSE
20041126,FALSE
20041127,FALSE
20041128,FALSE
20041129,FALSE
20041130,FALSE
20041201,FALSE
20041202,FALSE
20041203,FALSE
20041204,FALSE
20041205,FALSE
20041206,FALSE
20041207,FALSE
20041208,FALSE
20041209,FALSE
20041210,FALSE
20041211,FALSE
20041212,FALSE
20041213,FALSE
20041214,FALSE
20041215,FALSE
20041216,FALSE
20041217,FALSE
20041218,FALSE
20041219,FALSE
20041220,FALSE
20041221,FALSE
20041222,FALSE
20041223,FALSE
20041224,FALSE
20041225,FALSE
20041226,FALSE
20041227,FALSE
20041228,FALSE
20041229,FALSE
20041230,FALSE
20041231,FALSE
20050101,FALSE
20050102,FALSE
20050103,FALSE
20050104,FALSE
20050105,FALSE
20050106,FALSE
20050107,FALSE
20050108,FALSE
20050109,FALSE
20050110,FALSE
20050111,FALSE
20050112,FALSE
20050113,FALSE
20050114,FALSE
20050115,FALSE
20050116,FALSE
20050117,FALSE
20050118,FALSE
20050119,FALSE
20050120,FALSE
20050121,FALSE
20050122,FALSE
20050123,FALSE
20050124,FALSE
20050125,FALSE
20050126,FALSE
20050127,FALSE
20050128,FALSE
20050129,FALSE
20050130,FALSE
20050131,FALSE
20050201,FALSE
20050202,FALSE
20050203,FALSE
20050204,FALSE
20050205,FALSE
20050206,FALSE
20050207,FALSE
20050208,FALSE
20050209,FALSE
20050210,FALSE
20050211,FALSE
20050212,FALSE
20050213,FALSE
20050214,FALSE
20050215,FALSE
20050216,FALSE
20050217,FALSE
20050218,FALSE
20050219,FALSE
20050220,FALSE
20050221,FALSE
20050222,FALSE
20050223,FALSE
20050224,FALSE
20050225,FALSE
20050226,FALSE
20050227,FALSE
20050228,FALSE
20050301,FALSE
20050302,FALSE
20050303,FALSE
20050304,FALSE
20050305,FALSE
20050306,FALSE
20050307,FALSE
20050308,FALSE
20050309,FALSE
20050310,FALSE
20050311,FALSE
20050312,FALSE
20050313,FALSE
20050314,FALSE
20050315,FALSE
20050316,TRUE
20050317,TRUE
20050318,TRUE
20050319,TRUE
20050320,FALSE
20050321,FALSE
20050322,FALSE
20050323,TRUE
20050324,FALSE
20050325,FALSE
20050326,FALSE
20050327,FALSE
20050328,FALSE
20050329,FALSE
20050330,FALSE
20050331,FALSE
20050401,FALSE
20050402,TRUE
20050403,TRUE
20050404,TRUE
20050405,FALSE
20050406,FALSE
20050407,FALSE
20050408,FALSE
20050409,FALSE
20050410,FALSE
20050411,FALSE
20050412,FALSE
20050413,FALSE
20050414,TRUE
20050415,FALSE
20050416,FALSE
20050417,FALSE
20050418,FALSE
20050419,FALSE
20050420,FALSE
20050421,FALSE
20050422,FALSE
20050423,FALSE
20050424,FALSE
20050425,FALSE
20050426,FALSE
20050427,FALSE
20050428,TRUE
20050429,TRUE
20050430,TRUE
20050501,TRUE
20050502,FALSE
20050503,FALSE
20050504,FALSE
20050505,FALSE
20050506,FALSE
20050507,FALSE
20050508,FALSE
20050509,FALSE
20050510,FALSE
20050511,FALSE
20050512,FALSE
20050513,FALSE
20050514,FALSE
20050515,FALSE
20050516,FALSE
20050517,FALSE
20050518,FALSE
20050519,TRUE
20050520,FALSE
20050521,FALSE
20050522,FALSE
20050523,FALSE
20050524,TRUE
20050525,TRUE
20050526,TRUE
20050527,TRUE
20050528,TRUE
20050529,TRUE
20050530,FALSE
20050531,TRUE
20050601,TRUE
20050602,TRUE
20050603,FALSE
20050604,TRUE
20050605,TRUE
20050606,FALSE
20050607,FALSE
20050608,TRUE
20050609,TRUE
20050610,TRUE
20050611,TRUE
20050612,FALSE
20050613,FALSE
20050614,FALSE
20050615,TRUE
20050616,TRUE
20050617,TRUE
20050618,TRUE
20050619,TRUE
20050620,TRUE
20050621,TRUE
20050622,TRUE
20050623,TRUE
20050624,TRUE
20050625,FALSE
20050626,TRUE
20050627,TRUE
20050628,FALSE
20050629,FALSE
20050630,FALSE
20050701,FALSE
20050702,TRUE
20050703,TRUE
20050704,FALSE
20050705,FALSE
20050706,FALSE
20050707,FALSE
20050708,FALSE
20050709,TRUE
20050710,FALSE
20050711,FALSE
20050712,FALSE
20050713,TRUE
20050714,TRUE
20050715,FALSE
20050716,FALSE
20050717,TRUE
20050718,FALSE
20050719,FALSE
20050720,FALSE
20050721,TRUE
20050722,TRUE
20050723,FALSE
20050724,FALSE
20050725,FALSE
20050726,FALSE
20050727,TRUE
20050728,TRUE
20050729,FALSE
20050730,TRUE
20050731,TRUE
20050801,FALSE
20050802,FALSE
20050803,FALSE
20050804,TRUE
20050805,FALSE
20050806,TRUE
20050807,TRUE
20050808,TRUE
20050809,TRUE
20050810,TRUE
20050811,TRUE
20050812,FALSE
20050813,TRUE
20050814,FALSE
20050815,FALSE
20050816,TRUE
20050817,TRUE
20050818,TRUE
20050819,FALSE
20050820,FALSE
20050821,FALSE
20050822,FALSE
20050823,TRUE
20050824,TRUE
20050825,FALSE
20050826,TRUE
20050827,TRUE
20050828,TRUE
20050829,TRUE
20050830,TRUE
20050831,TRUE
20050901,TRUE
20050902,TRUE
20050903,TRUE
20050904,TRUE
20050905,FALSE
20050906,TRUE
20050907,TRUE
20050908,FALSE
20050909,FALSE
20050910,FALSE
20050911,FALSE
20050912,TRUE
20050913,FALSE
20050914,TRUE
20050915,TRUE
20050916,FALSE
20050917,FALSE
20050918,FALSE
20050919,FALSE
20050920,FALSE
20050921,TRUE
20050922,TRUE
20050923,TRUE
20050924,TRUE
20050925,TRUE
20050926,TRUE
20050927,TRUE
20050928,TRUE
20050929,FALSE
20050930,FALSE
20051001,FALSE
20051002,FALSE
20051003,FALSE
20051004,FALSE
20051005,FALSE
20051006,FALSE
20051007,TRUE
20051008,TRUE
20051009,TRUE
20051010,TRUE
20051011,TRUE
20051012,TRUE
20051013,TRUE
20051014,TRUE
20051015,FALSE
20051016,FALSE
20051017,FALSE
20051018,FALSE
20051019,FALSE
20051020,TRUE
20051021,FALSE
20051022,FALSE
20051023,FALSE
20051024,FALSE
20051025,TRUE
20051026,TRUE
20051027,TRUE
20051028,TRUE
20051029,TRUE
20051030,TRUE
20051031,FALSE
20051101,FALSE
20051102,FALSE
20051103,FALSE
20051104,FALSE
20051105,FALSE
20051106,FALSE
20051107,FALSE
20051108,FALSE
20051109,FALSE
20051110,FALSE
20051111,FALSE
20051112,FALSE
20051113,FALSE
20051114,FALSE
20051115,FALSE
20051116,FALSE
20051117,FALSE
20051118,FALSE
20051119,FALSE
20051120,FALSE
20051121,FALSE
20051122,FALSE
20051123,FALSE
20051124,FALSE
20051125,FALSE
20051126,FALSE
20051127,FALSE
20051128,FALSE
20051129,FALSE
20051130,FALSE
20051201,FALSE
20051202,FALSE
20051203,FALSE
20051204,FALSE
20051205,FALSE
20051206,FALSE
20051207,FALSE
20051208,FALSE
20051209,FALSE
20051210,FALSE
20051211,FALSE
20051212,FALSE
20051213,FALSE
20051214,FALSE
20051215,FALSE
20051216,FALSE
20051217,FALSE
20051218,FALSE
20051219,FALSE
20051220,FALSE
20051221,FALSE
20051222,FALSE
20051223,FALSE
20051224,FALSE
20051225,FALSE
20051226,FALSE
20051227,FALSE
20051228,FALSE
20051229,FALSE
20051230,FALSE
20051231,FALSE
20060101,FALSE
20060102,FALSE
20060103,FALSE
20060104,FALSE
20060105,FALSE
20060106,FALSE
20060107,FALSE
20060108,FALSE
20060109,FALSE
20060110,FALSE
20060111,FALSE
20060112,FALSE
20060113,FALSE
20060114,FALSE
20060115,FALSE
20060116,FALSE
20060117,FALSE
20060118,FALSE
20060119,FALSE
20060120,FALSE
20060121,FALSE
20060122,FALSE
20060123,FALSE
20060124,FALSE
20060125,FALSE
20060126,FALSE
20060127,FALSE
20060128,FALSE
20060129,FALSE
20060130,FALSE
20060131,FALSE
20060201,FALSE
20060202,FALSE
20060203,FALSE
20060204,FALSE
20060205,FALSE
20060206,FALSE
20060207,FALSE
20060208,FALSE
20060209,FALSE
20060210,FALSE
20060211,FALSE
20060212,FALSE
20060213,FALSE
20060214,FALSE
20060215,FALSE
20060216,FALSE
20060217,FALSE
20060218,FALSE
20060219,FALSE
20060220,FALSE
20060221,FALSE
20060222,FALSE
20060223,FALSE
20060224,FALSE
20060225,FALSE
20060226,FALSE
20060227,FALSE
20060228,FALSE
20060301,FALSE
20060302,FALSE
20060303,FALSE
20060304,FALSE
20060305,FALSE
20060306,FALSE
20060307,FALSE
20060308,FALSE
20060309,FALSE
20060310,FALSE
20060311,FALSE
20060312,FALSE
20060313,FALSE
20060314,FALSE
20060315,FALSE
20060316,FALSE
20060317,FALSE
20060318,FALSE
20060319,FALSE
20060320,FALSE
20060321,FALSE
20060322,FALSE
20060323,FALSE
20060324,FALSE
20060325,FALSE
20060326,TRUE
20060327,FALSE
20060328,FALSE
20060329,FALSE
20060330,FALSE
20060331,FALSE
20060401,FALSE
20060402,FALSE
20060403,FALSE
20060404,FALSE
20060405,FALSE
20060406,FALSE
20060407,FALSE
20060408,FALSE
20060409,FALSE
20060410,FALSE
20060411,FALSE
20060412,FALSE
20060413,FALSE
20060414,FALSE
20060415,FALSE
20060416,FALSE
20060417,FALSE
20060418,FALSE
20060419,FALSE
20060420,TRUE
20060421,TRUE
20060422,FALSE
20060423,TRUE
20060424,FALSE
20060425,FALSE
20060426,FALSE
20060427,FALSE
20060428,FALSE
20060429,FALSE
20060430,FALSE
20060501,FALSE
20060502,TRUE
20060503,TRUE
20060504,FALSE
20060505,FALSE
20060506,TRUE
20060507,FALSE
20060508,FALSE
20060509,FALSE
20060510,FALSE
20060511,TRUE
20060512,FALSE
20060513,FALSE
20060514,TRUE
20060515,TRUE
20060516,FALSE
20060517,TRUE
20060518,FALSE
20060519,TRUE
20060520,FALSE
20060521,FALSE
20060522,FALSE
20060523,FALSE
20060524,TRUE
20060525,FALSE
20060526,TRUE
20060527,TRUE
20060528,FALSE
20060529,FALSE
20060530,FALSE
20060531,FALSE
20060601,FALSE
20060602,FALSE
20060603,FALSE
20060604,TRUE
20060605,FALSE
20060606,TRUE
20060607,TRUE
20060608,TRUE
20060609,TRUE
20060610,TRUE
20060611,TRUE
20060612,TRUE
20060613,TRUE
20060614,TRUE
20060615,TRUE
20060616,FALSE
20060617,TRUE
20060618,FALSE
20060619,FALSE
20060620,TRUE
20060621,FALSE
20060622,TRUE
20060623,TRUE
20060624,FALSE
20060625,FALSE
20060626,TRUE
20060627,FALSE
20060628,FALSE
20060629,FALSE
20060630,TRUE
20060701,TRUE
20060702,TRUE
20060703,TRUE
20060704,TRUE
20060705,FALSE
20060706,FALSE
20060707,TRUE
20060708,TRUE
20060709,TRUE
20060710,TRUE
20060711,TRUE
20060712,TRUE
20060713,TRUE
20060714,FALSE
20060715,TRUE
20060716,TRUE
20060717,TRUE
20060718,TRUE
20060719,TRUE
20060720,TRUE
20060721,TRUE
20060722,TRUE
20060723,TRUE
20060724,TRUE
20060725,TRUE
20060726,FALSE
20060727,FALSE
20060728,FALSE
20060729,TRUE
20060730,TRUE
20060731,FALSE
20060801,FALSE
20060802,FALSE
20060803,FALSE
20060804,FALSE
20060805,FALSE
20060806,FALSE
20060807,TRUE
20060808,TRUE
20060809,TRUE
20060810,FALSE
20060811,FALSE
20060812,FALSE
20060813,FALSE
20060814,FALSE
20060815,FALSE
20060816,FALSE
20060817,FALSE
20060818,TRUE
20060819,FALSE
20060820,FALSE
20060821,TRUE
20060822,FALSE
20060823,TRUE
20060824,FALSE
20060825,TRUE
20060826,FALSE
20060827,FALSE
20060828,FALSE
20060829,FALSE
20060830,FALSE
20060831,TRUE
20060901,TRUE
20060902,FALSE
20060903,TRUE
20060904,TRUE
20060905,TRUE
20060906,TRUE
20060907,TRUE
20060908,TRUE
20060909,TRUE
20060910,FALSE
20060911,TRUE
20060912,FALSE
20060913,TRUE
20060914,FALSE
20060915,FALSE
20060916,TRUE
20060917,FALSE
20060918,FALSE
20060919,TRUE
20060920,TRUE
20060921,TRUE
20060922,TRUE
20060923,FALSE
20060924,FALSE
20060925,FALSE
20060926,FALSE
20060927,TRUE
20060928,TRUE
20060929,FALSE
20060930,FALSE
20061001,FALSE
20061002,FALSE
20061003,FALSE
20061004,FALSE
20061005,FALSE
20061006,FALSE
20061007,FALSE
20061008,FALSE
20061009,TRUE
20061010,TRUE
20061011,TRUE
20061012,TRUE
20061013,FALSE
20061014,FALSE
20061015,FALSE
20061016,FALSE
20061017,TRUE
20061018,FALSE
20061019,FALSE
20061020,FALSE
20061021,FALSE
20061022,FALSE
20061023,FALSE
20061024,FALSE
20061025,FALSE
20061026,TRUE
20061027,TRUE
20061028,TRUE
20061029,FALSE
20061030,FALSE
20061031,FALSE
20061101,FALSE
20061102,FALSE
20061103,FALSE
20061104,FALSE
20061105,FALSE
20061106,FALSE
20061107,FALSE
20061108,FALSE
20061109,FALSE
20061110,FALSE
20061111,FALSE
20061112,FALSE
20061113,FALSE
20061114,FALSE
20061115,FALSE
20061116,FALSE
20061117,FALSE
20061118,FALSE
20061119,FALSE
20061120,FALSE
20061121,FALSE
20061122,FALSE
20061123,FALSE
20061124,FALSE
20061125,FALSE
20061126,FALSE
20061127,FALSE
20061128,FALSE
20061129,FALSE
20061130,FALSE
20061201,FALSE
20061202,FALSE
20061203,FALSE
20061204,FALSE
20061205,FALSE
20061206,FALSE
20061207,FALSE
20061208,FALSE
20061209,FALSE
20061210,FALSE
20061211,FALSE
20061212,FALSE
20061213,FALSE
20061214,FALSE
20061215,FALSE
20061216,FALSE
20061217,FALSE
20061218,FALSE
20061219,FALSE
20061220,FALSE
20061221,FALSE
20061222,FALSE
20061223,FALSE
20061224,FALSE
20061225,FALSE
20061226,FALSE
20061227,FALSE
20061228,FALSE
20061229,FALSE
20061230,FALSE
20061231,FALSE
20070101,FALSE
20070102,FALSE
20070103,FALSE
20070104,FALSE
20070105,FALSE
20070106,FALSE
20070107,FALSE
20070108,FALSE
20070109,FALSE
20070110,FALSE
20070111,FALSE
20070112,FALSE
20070113,FALSE
20070114,FALSE
20070115,FALSE
20070116,FALSE
20070117,FALSE
20070118,FALSE
20070119,FALSE
20070120,FALSE
20070121,FALSE
20070122,FALSE
20070123,FALSE
20070124,FALSE
20070125,FALSE
20070126,FALSE
20070127,FALSE
20070128,FALSE
20070129,FALSE
20070130,FALSE
20070131,FALSE
20070201,FALSE
20070202,FALSE
20070203,FALSE
20070204,FALSE
20070205,FALSE
20070206,FALSE
20070207,FALSE
20070208,FALSE
20070209,FALSE
20070210,FALSE
20070211,FALSE
20070212,FALSE
20070213,FALSE
20070214,FALSE
20070215,FALSE
20070216,FALSE
20070217,FALSE
20070218,FALSE
20070219,FALSE
20070220,FALSE
20070221,FALSE
20070222,FALSE
20070223,FALSE
20070224,FALSE
20070225,FALSE
20070226,FALSE
20070227,FALSE
20070228,FALSE
20070301,FALSE
20070302,FALSE
20070303,FALSE
20070304,FALSE
20070305,FALSE
20070306,FALSE
20070307,FALSE
20070308,FALSE
20070309,FALSE
20070310,FALSE
20070311,FALSE
20070312,FALSE
20070313,FALSE
20070314,FALSE
20070315,FALSE
20070316,FALSE
20070317,FALSE
20070318,FALSE
20070319,FALSE
20070320,FALSE
20070321,FALSE
20070322,FALSE
20070323,FALSE
20070324,FALSE
20070325,FALSE
20070326,FALSE
20070327,FALSE
20070328,FALSE
20070329,FALSE
20070330,FALSE
20070331,FALSE
20070401,FALSE
20070402,TRUE
20070403,FALSE
20070404,FALSE
20070405,FALSE
20070406,TRUE
20070407,TRUE
20070408,FALSE
20070409,TRUE
20070410,TRUE
20070411,TRUE
20070412,TRUE
20070413,TRUE
20070414,TRUE
20070415,TRUE
20070416,TRUE
20070417,TRUE
20070418,FALSE
20070419,TRUE
20070420,TRUE
20070421,TRUE
20070422,TRUE
20070423,TRUE
20070424,TRUE
20070425,TRUE
20070426,TRUE
20070427,FALSE
20070428,TRUE
20070429,TRUE
20070430,TRUE
20070501,TRUE
20070502,FALSE
20070503,TRUE
20070504,FALSE
20070505,FALSE
20070506,TRUE
20070507,FALSE
20070508,FALSE
20070509,TRUE
20070510,TRUE
20070511,FALSE
20070512,TRUE
20070513,TRUE
20070514,FALSE
20070515,FALSE
20070516,FALSE
20070517,FALSE
20070518,TRUE
20070519,TRUE
20070520,TRUE
20070521,FALSE
20070522,TRUE
20070523,TRUE
20070524,FALSE
20070525,TRUE
20070526,TRUE
20070527,FALSE
20070528,FALSE
20070529,FALSE
20070530,FALSE
20070531,FALSE
20070601,FALSE
20070602,FALSE
20070603,TRUE
20070604,FALSE
20070605,TRUE
20070606,TRUE
20070607,FALSE
20070608,FALSE
20070609,FALSE
20070610,FALSE
20070611,FALSE
20070612,TRUE
20070613,TRUE
20070614,FALSE
20070615,FALSE
20070616,FALSE
20070617,FALSE
20070618,FALSE
20070619,FALSE
20070620,FALSE
20070621,FALSE
20070622,FALSE
20070623,FALSE
20070624,TRUE
20070625,FALSE
20070626,FALSE
20070627,FALSE
20070628,FALSE
20070629,TRUE
20070630,TRUE
20070701,FALSE
20070702,FALSE
20070703,FALSE
20070704,FALSE
20070705,TRUE
20070706,TRUE
20070707,TRUE
20070708,FALSE
20070709,FALSE
20070710,FALSE
20070711,FALSE
20070712,TRUE
20070713,TRUE
20070714,TRUE
20070715,TRUE
20070716,FALSE
20070717,FALSE
20070718,FALSE
20070719,FALSE
20070720,FALSE
20070721,FALSE
20070722,TRUE
20070723,FALSE
20070724,FALSE
20070725,TRUE
20070726,TRUE
20070727,TRUE
20070728,TRUE
20070729,FALSE
20070730,TRUE
20070731,TRUE
20070801,FALSE
20070802,FALSE
20070803,FALSE
20070804,TRUE
20070805,TRUE
20070806,FALSE
20070807,FALSE
20070808,FALSE
20070809,FALSE
20070810,FALSE
20070811,TRUE
20070812,TRUE
20070813,FALSE
20070814,TRUE
20070815,FALSE
20070816,FALSE
20070817,TRUE
20070818,TRUE
20070819,FALSE
20070820,FALSE
20070821,FALSE
20070822,FALSE
20070823,TRUE
20070824,TRUE
20070825,TRUE
20070826,TRUE
20070827,TRUE
20070828,FALSE
20070829,FALSE
20070830,FALSE
20070831,TRUE
20070901,TRUE
20070902,TRUE
20070903,FALSE
20070904,FALSE
20070905,FALSE
20070906,FALSE
20070907,FALSE
20070908,TRUE
20070909,TRUE
20070910,FALSE
20070911,TRUE
20070912,TRUE
20070913,TRUE
20070914,TRUE
20070915,TRUE
20070916,TRUE
20070917,FALSE
20070918,FALSE
20070919,FALSE
20070920,TRUE
20070921,TRUE
20070922,TRUE
20070923,TRUE
20070924,FALSE
20070925,FALSE
20070926,FALSE
20070927,FALSE
20070928,FALSE
20070929,FALSE
20070930,TRUE
20071001,TRUE
20071002,TRUE
20071003,FALSE
20071004,FALSE
20071005,FALSE
20071006,TRUE
20071007,FALSE
20071008,TRUE
20071009,FALSE
20071010,FALSE
20071011,FALSE
20071012,FALSE
20071013,FALSE
20071014,FALSE
20071015,TRUE
20071016,TRUE
20071017,FALSE
20071018,FALSE
20071019,FALSE
20071020,FALSE
20071021,FALSE
20071022,FALSE
20071023,FALSE
20071024,FALSE
20071025,FALSE
20071026,FALSE
20071027,FALSE
20071028,FALSE
20071029,FALSE
20071030,FALSE
20071031,FALSE
20071101,FALSE
20071102,FALSE
20071103,FALSE
20071104,FALSE
20071105,FALSE
20071106,FALSE
20071107,FALSE
20071108,FALSE
20071109,FALSE
20071110,FALSE
20071111,FALSE
20071112,FALSE
20071113,FALSE
20071114,FALSE
20071115,FALSE
20071116,FALSE
20071117,FALSE
20071118,FALSE
20071119,FALSE
20071120,FALSE
20071121,FALSE
20071122,FALSE
20071123,FALSE
20071124,FALSE
20071125,FALSE
20071126,FALSE
20071127,FALSE
20071128,FALSE
20071129,FALSE
20071130,FALSE
20071201,FALSE
20071202,FALSE
20071203,FALSE
20071204,FALSE
20071205,FALSE
20071206,FALSE
20071207,FALSE
20071208,FALSE
20071209,FALSE
20071210,FALSE
20071211,FALSE
20071212,FALSE
20071213,FALSE
20071214,FALSE
20071215,FALSE
20071216,FALSE
20071217,FALSE
20071218,FALSE
20071219,FALSE
20071220,FALSE
20071221,FALSE
20071222,FALSE
20071223,FALSE
20071224,FALSE
20071225,FALSE
20071226,FALSE
20071227,FALSE
20071228,FALSE
20071229,FALSE
20071230,FALSE
20071231,FALSE
20080101,FALSE
20080102,FALSE
20080103,FALSE
20080104,FALSE
20080105,FALSE
20080106,FALSE
20080107,FALSE
20080108,FALSE
20080109,FALSE
20080110,FALSE
20080111,FALSE
20080112,FALSE
20080113,FALSE
20080114,FALSE
20080115,FALSE
20080116,FALSE
20080117,FALSE
20080118,FALSE
20080119,FALSE
20080120,FALSE
20080121,FALSE
20080122,FALSE
20080123,FALSE
20080124,FALSE
20080125,FALSE
20080126,FALSE
20080127,FALSE
20080128,FALSE
20080129,FALSE
20080130,FALSE
20080131,FALSE
20080201,FALSE
20080202,FALSE
20080203,FALSE
20080204,FALSE
20080205,FALSE
20080206,FALSE
20080207,FALSE
20080208,FALSE
20080209,FALSE
20080210,FALSE
20080211,FALSE
20080212,FALSE
20080213,FALSE
20080214,FALSE
20080215,FALSE
20080216,FALSE
20080217,FALSE
20080218,FALSE
20080219,FALSE
20080220,FALSE
20080221,FALSE
20080222,FALSE
20080223,FALSE
20080224,FALSE
20080225,FALSE
20080226,FALSE
20080227,FALSE
20080228,FALSE
20080229,FALSE
20080301,FALSE
20080302,FALSE
20080303,FALSE
20080304,FALSE
20080305,FALSE
20080306,FALSE
20080307,FALSE
20080308,FALSE
20080309,FALSE
20080310,FALSE
20080311,FALSE
20080312,FALSE
20080313,FALSE
20080314,FALSE
20080315,TRUE
20080316,FALSE
20080317,FALSE
20080318,FALSE
20080319,FALSE
20080320,FALSE
20080321,FALSE
20080322,FALSE
20080323,FALSE
20080324,FALSE
20080325,FALSE
20080326,FALSE
20080327,FALSE
20080328,FALSE
20080329,FALSE
20080330,FALSE
20080331,FALSE
20080401,FALSE
20080402,FALSE
20080403,FALSE
20080404,FALSE
20080405,FALSE
20080406,FALSE
20080407,FALSE
20080408,FALSE
20080409,FALSE
20080410,FALSE
20080411,FALSE
20080412,FALSE
20080413,FALSE
20080414,FALSE
20080415,FALSE
20080416,FALSE
20080417,FALSE
20080418,FALSE
20080419,FALSE
20080420,FALSE
20080421,FALSE
20080422,FALSE
20080423,FALSE
20080424,TRUE
20080425,FALSE
20080426,TRUE
20080427,TRUE
20080428,FALSE
20080429,FALSE
20080430,FALSE
20080501,FALSE
20080502,TRUE
20080503,TRUE
20080504,TRUE
20080505,TRUE
20080506,TRUE
20080507,TRUE
20080508,TRUE
20080509,TRUE
20080510,TRUE
20080511,FALSE
20080512,TRUE
20080513,TRUE
20080514,FALSE
20080515,FALSE
20080516,FALSE
20080517,FALSE
20080518,FALSE
20080519,FALSE
20080520,FALSE
20080521,FALSE
20080522,FALSE
20080523,FALSE
20080524,FALSE
20080525,FALSE
20080526,FALSE
20080527,TRUE
20080528,TRUE
20080529,FALSE
20080530,FALSE
20080531,FALSE
20080601,TRUE
20080602,TRUE
20080603,FALSE
20080604,FALSE
20080605,FALSE
20080606,FALSE
20080607,FALSE
20080608,FALSE
20080609,TRUE
20080610,FALSE
20080611,FALSE
20080612,FALSE
20080613,FALSE
20080614,TRUE
20080615,FALSE
20080616,FALSE
20080617,FALSE
20080618,TRUE
20080619,TRUE
20080620,TRUE
20080621,TRUE
20080622,FALSE
20080623,TRUE
20080624,TRUE
20080625,TRUE
20080626,TRUE
20080627,TRUE
20080628,TRUE
20080629,TRUE
20080630,TRUE
20080701,TRUE
20080702,FALSE
20080703,FALSE
20080704,TRUE
20080705,TRUE
20080706,FALSE
20080707,TRUE
20080708,FALSE
20080709,TRUE
20080710,TRUE
20080711,FALSE
20080712,FALSE
20080713,FALSE
20080714,TRUE
20080715,TRUE
20080716,FALSE
20080717,FALSE
20080718,TRUE
20080719,TRUE
20080720,TRUE
20080721,TRUE
20080722,FALSE
20080723,TRUE
20080724,TRUE
20080725,TRUE
20080726,FALSE
20080727,TRUE
20080728,TRUE
20080729,TRUE
20080730,FALSE
20080731,FALSE
20080801,FALSE
20080802,TRUE
20080803,TRUE
20080804,FALSE
20080805,TRUE
20080806,TRUE
20080807,FALSE
20080808,FALSE
20080809,TRUE
20080810,FALSE
20080811,FALSE
20080812,FALSE
20080813,TRUE
20080814,FALSE
20080815,FALSE
20080816,TRUE
20080817,FALSE
20080818,TRUE
20080819,FALSE
20080820,TRUE
20080821,TRUE
20080822,FALSE
20080823,FALSE
20080824,TRUE
20080825,TRUE
20080826,TRUE
20080827,TRUE
20080828,TRUE
20080829,TRUE
20080830,TRUE
20080831,FALSE
20080901,FALSE
20080902,TRUE
20080903,FALSE
20080904,FALSE
20080905,TRUE
20080906,FALSE
20080907,FALSE
20080908,TRUE
20080909,TRUE
20080910,TRUE
20080911,FALSE
20080912,FALSE
20080913,FALSE
20080914,FALSE
20080915,FALSE
20080916,FALSE
20080917,FALSE
20080918,FALSE
20080919,TRUE
20080920,FALSE
20080921,FALSE
20080922,FALSE
20080923,FALSE
20080924,FALSE
20080925,FALSE
20080926,FALSE
20080927,FALSE
20080928,FALSE
20080929,FALSE
20080930,FALSE
20081001,FALSE
20081002,FALSE
20081003,FALSE
20081004,FALSE
20081005,FALSE
20081006,FALSE
20081007,FALSE
20081008,FALSE
20081009,FALSE
20081010,TRUE
20081011,TRUE
20081012,TRUE
20081013,TRUE
20081014,TRUE
20081015,FALSE
20081016,FALSE
20081017,FALSE
20081018,FALSE
20081019,FALSE
20081020,FALSE
20081021,FALSE
20081022,FALSE
20081023,FALSE
20081024,FALSE
20081025,FALSE
20081026,FALSE
20081027,FALSE
20081028,FALSE
20081029,FALSE
20081030,FALSE
20081031,FALSE
20081101,FALSE
20081102,FALSE
20081103,FALSE
20081104,FALSE
20081105,FALSE
20081106,FALSE
20081107,FALSE
20081108,FALSE
20081109,FALSE
20081110,TRUE
20081111,FALSE
20081112,FALSE
20081113,FALSE
20081114,FALSE
20081115,FALSE
20081116,FALSE
20081117,FALSE
20081118,FALSE
20081119,FALSE
20081120,FALSE
20081121,FALSE
20081122,FALSE
20081123,FALSE
20081124,FALSE
20081125,FALSE
20081126,FALSE
20081127,FALSE
20081128,FALSE
20081129,FALSE
20081130,FALSE
20081201,FALSE
20081202,FALSE
20081203,FALSE
20081204,FALSE
20081205,FALSE
20081206,FALSE
20081207,FALSE
20081208,FALSE
20081209,FALSE
20081210,FALSE
20081211,FALSE
20081212,FALSE
20081213,FALSE
20081214,FALSE
20081215,FALSE
20081216,FALSE
20081217,FALSE
20081218,FALSE
20081219,FALSE
20081220,FALSE
20081221,FALSE
20081222,FALSE
20081223,FALSE
20081224,FALSE
20081225,FALSE
20081226,FALSE
20081227,FALSE
20081228,FALSE
20081229,FALSE
20081230,FALSE
20081231,FALSE
20090101,FALSE
20090102,FALSE
20090103,FALSE
20090104,FALSE
20090105,FALSE
20090106,FALSE
20090107,FALSE
20090108,FALSE
20090109,FALSE
20090110,FALSE
20090111,FALSE
20090112,FALSE
20090113,FALSE
20090114,FALSE
20090115,FALSE
20090116,FALSE
20090117,FALSE
20090118,FALSE
20090119,FALSE
20090120,FALSE
20090121,FALSE
20090122,FALSE
20090123,FALSE
20090124,FALSE
20090125,FALSE
20090126,FALSE
20090127,FALSE
20090128,FALSE
20090129,FALSE
20090130,FALSE
20090131,FALSE
20090201,FALSE
20090202,FALSE
20090203,FALSE
20090204,FALSE
20090205,FALSE
20090206,FALSE
20090207,FALSE
20090208,FALSE
20090209,FALSE
20090210,FALSE
20090211,FALSE
20090212,FALSE
20090213,FALSE
20090214,FALSE
20090215,FALSE
20090216,FALSE
20090217,FALSE
20090218,FALSE
20090219,FALSE
20090220,FALSE
20090221,FALSE
20090222,FALSE
20090223,FALSE
20090224,FALSE
20090225,FALSE
20090226,FALSE
20090227,FALSE
20090228,FALSE
20090301,FALSE
20090302,FALSE
20090303,FALSE
20090304,FALSE
20090305,FALSE
20090306,FALSE
20090307,FALSE
20090308,FALSE
20090309,FALSE
20090310,FALSE
20090311,FALSE
20090312,FALSE
20090313,FALSE
20090314,FALSE
20090315,FALSE
20090316,FALSE
20090317,FALSE
20090318,FALSE
20090319,FALSE
20090320,FALSE
20090321,FALSE
20090322,FALSE
20090323,FALSE
20090324,FALSE
20090325,FALSE
20090326,FALSE
20090327,FALSE
20090328,FALSE
20090329,FALSE
20090330,FALSE
20090331,FALSE
20090401,FALSE
20090402,FALSE
20090403,TRUE
20090404,TRUE
20090405,TRUE
20090406,FALSE
20090407,FALSE
20090408,FALSE
20090409,TRUE
20090410,TRUE
20090411,TRUE
20090412,TRUE
20090413,TRUE
20090414,TRUE
20090415,TRUE
20090416,FALSE
20090417,FALSE
20090418,FALSE
20090419,FALSE
20090420,FALSE
20090421,FALSE
20090422,TRUE
20090423,FALSE
20090424,FALSE
20090425,TRUE
20090426,TRUE
20090427,FALSE
20090428,FALSE
20090429,FALSE
20090430,FALSE
20090501,TRUE
20090502,FALSE
20090503,FALSE
20090504,FALSE
20090505,FALSE
20090506,TRUE
20090507,FALSE
20090508,FALSE
20090509,FALSE
20090510,FALSE
20090511,FALSE
20090512,FALSE
20090513,FALSE
20090514,FALSE
20090515,FALSE
20090516,FALSE
20090517,FALSE
20090518,FALSE
20090519,TRUE
20090520,TRUE
20090521,FALSE
20090522,FALSE
20090523,TRUE
20090524,TRUE
20090525,FALSE
20090526,FALSE
20090527,FALSE
20090528,TRUE
20090529,TRUE
20090530,TRUE
20090531,TRUE
20090601,TRUE
20090602,FALSE
20090603,TRUE
20090604,TRUE
20090605,FALSE
20090606,FALSE
20090607,FALSE
20090608,FALSE
20090609,FALSE
20090610,FALSE
20090611,TRUE
20090612,TRUE
20090613,TRUE
20090614,FALSE
20090615,FALSE
20090616,FALSE
20090617,TRUE
20090618,TRUE
20090619,FALSE
20090620,FALSE
20090621,FALSE
20090622,FALSE
20090623,FALSE
20090624,TRUE
20090625,FALSE
20090626,FALSE
20090627,FALSE
20090628,TRUE
20090629,FALSE
20090630,TRUE
20090701,TRUE
20090702,TRUE
20090703,TRUE
20090704,TRUE
20090705,FALSE
20090706,FALSE
20090707,FALSE
20090708,FALSE
20090709,FALSE
20090710,TRUE
20090711,FALSE
20090712,FALSE
20090713,FALSE
20090714,FALSE
20090715,FALSE
20090716,FALSE
20090717,FALSE
20090718,FALSE
20090719,TRUE
20090720,TRUE
20090721,TRUE
20090722,FALSE
20090723,FALSE
20090724,FALSE
20090725,TRUE
20090726,TRUE
20090727,FALSE
20090728,TRUE
20090729,TRUE
20090730,TRUE
20090731,TRUE
20090801,FALSE
20090802,FALSE
20090803,FALSE
20090804,TRUE
20090805,TRUE
20090806,TRUE
20090807,TRUE
20090808,FALSE
20090809,FALSE
20090810,FALSE
20090811,TRUE
20090812,TRUE
20090813,TRUE
20090814,TRUE
20090815,TRUE
20090816,TRUE
20090817,FALSE
20090818,TRUE
20090819,TRUE
20090820,TRUE
20090821,FALSE
20090822,TRUE
20090823,TRUE
20090824,TRUE
20090825,FALSE
20090826,FALSE
20090827,TRUE
20090828,TRUE
20090829,TRUE
20090830,TRUE
20090831,TRUE
20090901,FALSE
20090902,FALSE
20090903,FALSE
20090904,FALSE
20090905,TRUE
20090906,TRUE
20090907,TRUE
20090908,TRUE
20090909,TRUE
20090910,TRUE
20090911,TRUE
20090912,TRUE
20090913,TRUE
20090914,FALSE
20090915,FALSE
20090916,FALSE
20090917,FALSE
20090918,TRUE
20090919,FALSE
20090920,FALSE
20090921,TRUE
20090922,TRUE
20090923,TRUE
20090924,TRUE
20090925,TRUE
20090926,TRUE
20090927,TRUE
20090928,TRUE
20090929,TRUE
20090930,TRUE
20091001,TRUE
20091002,FALSE
20091003,TRUE
20091004,FALSE
20091005,TRUE
20091006,FALSE
20091007,FALSE
20091008,FALSE
20091009,FALSE
20091010,FALSE
20091011,FALSE
20091012,FALSE
20091013,FALSE
20091014,FALSE
20091015,FALSE
20091016,FALSE
20091017,FALSE
20091018,FALSE
20091019,FALSE
20091020,FALSE
20091021,FALSE
20091022,FALSE
20091023,FALSE
20091024,FALSE
20091025,FALSE
20091026,FALSE
20091027,FALSE
20091028,FALSE
20091029,FALSE
20091030,FALSE
20091031,FALSE
20091101,FALSE
20091102,FALSE
20091103,FALSE
20091104,FALSE
20091105,FALSE
20091106,FALSE
20091107,FALSE
20091108,FALSE
20091109,FALSE
20091110,FALSE
20091111,FALSE
20091112,FALSE
20091113,FALSE
20091114,FALSE
20091115,FALSE
20091116,FALSE
20091117,FALSE
20091118,FALSE
20091119,FALSE
20091120,FALSE
20091121,FALSE
20091122,FALSE
20091123,FALSE
20091124,FALSE
20091125,FALSE
20091126,FALSE
20091127,FALSE
20091128,FALSE
20091129,FALSE
20091130,FALSE
20091201,FALSE
20091202,FALSE
20091203,FALSE
20091204,FALSE
20091205,FALSE
20091206,FALSE
20091207,FALSE
20091208,FALSE
20091209,FALSE
20091210,FALSE
20091211,FALSE
20091212,FALSE
20091213,FALSE
20091214,FALSE
20091215,FALSE
20091216,FALSE
20091217,FALSE
20091218,FALSE
20091219,FALSE
20091220,FALSE
20091221,FALSE
20091222,FALSE
20091223,FALSE
20091224,FALSE
20091225,FALSE
20091226,FALSE
20091227,FALSE
20091228,FALSE
20091229,FALSE
20091230,FALSE
20091231,FALSE
20100101,FALSE
